MÃªs,Chave (plan x Jira),Projeto,GP ResponsÃ¡vel,CoordenaÃ§Ã£o,Segmento,Tipo,Nuvem,Meses de Contrato,PrevisÃ£o,Horas MÃªs,PrevisÃ£o_temp,Real,Saldo Acumulado,Status,Atraso em dias ,NPS ,Financeiro,Changes,Observacoes,DecisÃµes,MÃªs_datetime,MesAnoFormatado,Ano_Mes,Prioridade,NPS_Combinado,Horas Previstas (Contrato),Cliente
abr.-25,AUDS,Audaces,Bianca,Matheus F.,Tech,EF,"Sales, Service e Field",15/12,1920.0,160.0,1920,2.205,-285.0,Atrasado,5400.0,Detrator ,Quitado,,Service: HomologaÃ§Ã£o em andamento - prazo apÃ³s aprovaÃ§Ã£o dos desenvolvimentos | Sales: iniciar rodada de showing e desenvolvimentos op | Diretiva,,,abr.-25,,Normal,Detrator ,0,Audaces
abr.-25,AM,Audaces | Marketing,Bianca,Matheus F.,IndÃºstria,EF,MKT,15/12,80.0,0.0,80,50.0,30.0,Atrasado,5400.0,Promotor,Quitado,,BUs em anÃ¡lise do cliente | Iniciar aquecimento | Jornadas dependentes de Leads,,,abr.-25,,Normal,Promotor ğŸ˜€,0,Audaces
abr.-25,GT,Global Tire,Bruna,Matheus F.,IndÃºstria,EH,Sales,16/12,1000.0,833333.3333,0,955.0,45.0,Atrasado,11300.0,Detrator,Quitado,,RelatÃ³rios e funil de vendas bandas - pendentes ,,,abr.-25,,Normal,Detrator ğŸ˜¡,0,Global Tire
abr.-25,RB,Resinas Brasil,Bruna,Matheus F.,IndÃºstria,EF,Sales,12/7,625.0,892857.1429,0,708.0,-83.0,Atrasado,15000.0,Promotor,Quitado,,Pendente: relatÃ³rios e Hypercare (19/05),,,abr.-25,,Normal,Promotor ğŸ˜€,0,Resinas Brasil
abr.-25,ACG,ACG | Marketing,Renata,Matheus F.,Tech,EF MKT,MKT,10/02,80.0,40.0,80,160.0,-80.0,Atrasado,11900.0,Neutro,Quitado,,2 jornadas pendentes de desenvolvimento e equipe ACG ainda sem definiÃ§Ã£o dos requisitos das jornadas.,Formalizar para cobrar das horas da sustentaÃ§Ã£o possÃ­veis ajustes.,,abr.-25,,Normal,Neutro ğŸ˜,0,ACG
abr.-25,EM,Eurokraft | Marketing,Renata,Matheus F.,Varejo,EH Mkt,MKT,10/05,80.0,16.0,80,3.0,77.0,Atrasado,3800.0,Neutro,Quitado,,,,,abr.-25,,Normal,Neutro ğŸ˜,0,Eurokraft
abr.-25,GEK,Eurokraft | Sales,Renata,Matheus F.,Varejo,EH,Sales,10/05,315.0,63.0,315,115.0,200.0,Atrasado,10100.0,Neutro,Quitado,,,,,abr.-25,,Normal,Neutro ğŸ˜,0,Eurokraft
abr.-25,FIX,Fix Implementos,Renata,Matheus F.,IndÃºstria,EH,Sales,10/05,410.0,82.0,410,323.0,87.0,Atrasado,6800.0,Neutro,Quitado,40h,> Change CIC (40h) precisa ser cobrada - Fazio Ciente,status subconcluÃ­do para controlar integraÃ§Ã£o,,abr.-25,,Normal,Neutro ğŸ˜,0,Fix Implementos
abr.-25,IPK,Isopack,Renata,Matheus F.,IndÃºstria,EF,Sales,14/04,260.0,65.0,260,473.0,-213.0,Atrasado,27300.0,Neutro,Quitado,22,,,,abr.-25,,Normal,Neutro ğŸ˜,0,Isopack
abr.-25,POR,Portonave Fase 2,Yara,Matheus F.,ServiÃ§os,EH,Sales / Service / Digital / MKT / MAPS,6,550.0,91.0,550,547.0,3.0,Atrasado,9000.0,Promotor,Quitado,,"Falta aprovaÃ§Ã£o formal das 41h a serem aprovads - revemos alguns pontos e conseguimos deixar 4h, tirando treinamento MKT do aporte. Go Live presencial Service no dia 02/04. 3h restantes reservadas para MKT",Agenda comercial para negociaÃ§Ã£o dos adicionais.  Grazi participando das tratativas.,,abr.-25,,Normal,Promotor ğŸ˜€,0,Portonave Fase 2
abr.-25,DUXS,DUX | Service Cloud,Bianca,Matheus F.,IndÃºstria,EH,Service,,360.0,0.0,,210.0,150.0,No prazo,0.0,Promotor,Recebendo,,Projeto retomado - prazo: 08/08,,,abr.-25,,Normal,Promotor ğŸ˜€,0,DUX
abr.-25,PP,Pippi Pneus,Bianca,Matheus F.,DistribuiÃ§Ã£o ,EH,Sales e Maps ,,500.0,0.0,,43.0,457.0,No prazo,0.0,Promotor,Recebendo,,Fluxo definido - iniciar orÃ§amentos (atrasado) | Diretiva,,,abr.-25,,Normal,Promotor ğŸ˜€,0,Pippi Pneus
abr.-25,TW,Toolsworld,Bianca,Matheus F.,DistribuiÃ§Ã£o ,EF,CG Cloud,,600.0,0.0,,68.0,532.0,No prazo,0.0,Promotor,Recebendo,,QuestÃµes comerciais alinhas com Grazi | Iniciar desenvolvimentos | Diretiva,,,abr.-25,,Normal,Promotor ğŸ˜€,0,Toolsworld
abr.-25,AFX,Alfalux,Bianca,Matheus F.,DistribuiÃ§Ã£o ,EH,Sales,,120.0,0.0,,0.0,120.0,No prazo,0.0,Promotor,Recebendo,,,,,abr.-25,,Normal,Promotor ğŸ˜€,0,Alfalux
abr.-25,DC,Dana CosmÃ©ticos,Bruna,Matheus F.,IndÃºstria,EH,Sales e Partner,11/12,1200.0,100.0,100,1318.0,-118.0,No prazo,0.0,Promotor,Recebendo,200,Fase 1: relatÃ³rios e ajustes (16/05) | Iniciar mapeamento da fase 2 ,,,abr.-25,,Normal,Promotor ğŸ˜€,0,Dana CosmÃ©ticos
abr.-25,FEYFV,FEY | Demandas Avulsas,Bruna,Matheus F.,IndÃºstria,DA,Sales,,104.0,0.0,16,88.0,16.0,No prazo,0.0,Promotor,Pendente,,Projeto ecommerce para iniciar ,,,abr.-25,,Normal,Promotor ğŸ˜€,0,FEY
abr.-25,QP,Quanta PrevidÃªncia,Bruna,Matheus F.,ServiÃ§os,EH,Sales e Service,11/12,800.0,666666.6667,6666666667,773.0,27.0,No prazo,0.0,Neutro,Recebendo,,Sales em produÃ§Ã£o - em validaÃ§Ã£o pelo time de keyusers | combinar go live oficial | Fase 2: Service - Fazio em negociaÃ§Ã£o (19/05),,,abr.-25,,Normal,Neutro ğŸ˜,0,Quanta PrevidÃªncia
abr.-25,QM,Quanta PrevidÃªncia | Marketing,Bruna,Matheus F.,ServiÃ§os,EH,MKT,,200.0,166666.6667,1666666667,43.0,157.0,No prazo,0.0,Neutro,Recebendo,,Problema no aquecimento | Projeto retomado - alinhamento com o time - novo aquecimento previsto para 20/05,,,abr.-25,,Normal,Neutro ğŸ˜,0,Quanta PrevidÃªncia
abr.-25,TER,Teruya,Bruna,Matheus F.,DistribuiÃ§Ã£o ,EH,Sales,4/12,1000.0,833333.3333,750,304.0,696.0,No prazo,0.0,Promotor,Recebendo,,Preparar orÃ§amentos | Envolvimento da orange door | projeto ecommerce ,,,abr.-25,,Normal,Promotor ğŸ˜€,0,Teruya
abr.-25,AMA,Amade,Emily,Allysson,DistribuiÃ§Ã£o,EH,Sales,08/10,1000.0,100.0,800,1052.0,-52.0,Atrasado,-5900.0,Promotor,Recebendo,,"Cronograma replanejado e o time deve suportar os prÃ³ximos passos. PendÃªncias integraÃ§Ãµes: pedido de venda/itens do pedido, notas fiscais/itens da nota, importaÃ§Ã£o de clientes, endereÃ§os e pedidos de penda, simulaÃ§Ã£o de impostos (Pricing). Risco: para rodar a integraÃ§Ã£o de pedidos e simulaÃ§Ã£o de impostos Ã© necessÃ¡rio a configuraÃ§Ã£o do TES Inteligente no Protheus. Aporte de 341h necessÃ¡rio para a conclusÃ£o do projeto. ReuniÃ£o diretiva deve acontecer na prÃ³xima semana para apresentar os desenvolvimentos fora do escopo e negociar as horas de aporte. GestÃ£o de Projetos deve ter atenÃ§Ã£o no andamento do projeto e atualizaÃ§Ã£o para a gestora interna Amade.",CrÃ­tico,,abr.-25,,CrÃ­tico,Promotor ğŸ˜€,0,Amade
abr.-25,BAS,Briganti Advogados | SustentaÃ§Ã£o,Emily,Allysson,ServiÃ§os,S Sales,Sales,03/12,240.0,20.0,60,47.0,193.0,SustentaÃ§Ã£o,0.0,Promotor,Recebendo,,"Apresentado campanhas e forecast no ambiente Briganti. Temos desenvolvimentos aguardando aprovaÃ§Ã£o. Nas prÃ³ximas semanas deveremos organizar o deploy do antigo projeto de implementaÃ§Ã£o jÃ¡ finalizado e os deploys do que foi construido na sustentaÃ§Ã£o. Ponto de atenÃ§Ã£o: Matheus estÃ¡ de fÃ©rias e retorna apenas 26/05, teremos de alocar um recurso para cuidar dos chamado nos prÃ³ximos dias.",,,abr.-25,,Normal,Promotor ğŸ˜€,0,Briganti Advogados
abr.-25,GPS,Green Place | SustentaÃ§Ã£o ,Emily,Allysson,DistribuiÃ§Ã£o,S Sales,Sales,05/12,720.0,60.0,368,224.0,496.0,SustentaÃ§Ã£o,0.0,Promotor,Recebendo,,"GP Bio estÃ¡ em homologaÃ§Ã£o com o Peron, temos alguns chamados em desenvolvimento e outros aguardando aprovaÃ§Ã£o. O Peron ainda nÃ£o conheceu a nova gestora de projetos mas estÃ¡ ciente da mudanÃ§a.",,,abr.-25,,Normal,Promotor ğŸ˜€,0,Green Place
abr.-25,ACOS,AÃ§os Continente,Emily,Allysson,DistribuiÃ§Ã£o,EH,Sales,02/08,675.0,0.0844,1688,152.0,523.0,No prazo,0.0,Promotor,Recebendo,,"Cronograma de atividades deve ser estabelecido e apresentado em 19/05 para o time AÃ§os Continete, reuniÃ£o diretiva deve ser agendada. Time comercial Codeart foi acionado para entendimento das horas orÃ§adas para a integraÃ§Ã£o, visto no escopo termos um total de 300h para a integraÃ§Ã£o (comercialmente) e na negociaÃ§Ã£o foi apontado como 180h para a integraÃ§Ã£o.",,,abr.-25,,Normal,Promotor ğŸ˜€,0,AÃ§os Continente
abr.-25,SUP,Suprimed,Emily,Allysson,DistribuiÃ§Ã£o,EF,Sales,28/07,1099.0,0.0916,1099,1590.0,86.0,Atrasado,0.0,Neutro,Recebendo,,"Cronograma deverÃ¡ ser replanejado, Bionexo em finalizaÃ§Ã£o, Alexandre Dekker deve essa semana liberar estruturaÃ§Ã£o de oportunidades, Suprimed deve atualizar os status das integraÃ§Ãµes receptivas e time Codeart deve apoiar. ",CrÃ­tico,,abr.-25,,CrÃ­tico,Neutro ğŸ˜,0,Suprimed
abr.-25,ELE,Elettromec,Emily,Allysson,DistribuiÃ§Ã£o,EH,Sales,08/06,1000.0,160.0,1000,704.0,296.0,Atrasado,-300.0,Neutro,Recebendo,,"Treinamentos ocorrendo 12 e 13, Go Live dia 15 presencialmente. Conseguimos retomar com o relacionamento com cliente e atualmente estÃ¡ satisfeito com nossas entregas e comunicaÃ§Ã£o novamente. Analisar aporte caso necessÃ¡rio.",CrÃ­tico,,abr.-25,,CrÃ­tico,Neutro ğŸ˜,0,Elettromec
abr.-25,HYT,Hytorc,Emily,Allysson,IndÃºstria,EF,Sales,12/12,360.0,30.0,360,1023.0,-663.0,Atrasado,4800.0,Neutro,Recebendo,,"Atividades do N1 e N2 sendo finalizadas. IntegraÃ§Ãµes: Elev: Pedidos e itens do pedido, Notas fiscais e itens da nota. Codeart: Impostos, Contas e TÃ­tulos Financeiros. Carga de ativos em andamento.",CrÃ­tico,,abr.-25,,CrÃ­tico,Neutro ğŸ˜,0,Hytorc
abr.-25,REX,Rexon,Emily,Allysson,IndÃºstria,EH,Sales,06/07,885.0,124.0,744,751.0,134.0,Atrasado,-5600.0,Neutro,Pendente,,"MVP1 Brasil: GoTo resolvido, time providenciando IT para orientaÃ§Ãµes. IntegraÃ§Ã£o de Contas: Time Comercial da Rexon deve realizar teste, atÃ© o momento finalizado. MVP1 MÃ©xico: Time Codeart deve atuar nos ajustes e iniciar a integraÃ§Ã£o de contas do mÃ©xico com prioridade. MVP2: Cronograma foi replanejado mas o MVP1 impactou no andamento, time deverÃ¡ atuar no MVP2 apÃ³s a finalizaÃ§Ã£o do MVP1, exceto pelo Digital Engagement que poderÃ¡ ser mapeado em paralelo ao MVP1.",CrÃ­tico,,abr.-25,,CrÃ­tico,Neutro ğŸ˜,0,Rexon
abr.-25,RM,Rexon MKT,Emily,Allysson,IndÃºstria,EH,Marketing,02/03,337.0,112.0,224,33.0,304.0,No prazo,0.0,Neutro,Pendente,,Jornada de aquecimento de IP estÃ¡ rodando e o Arthur tem enviado report. As jornadas dependem da da configuraÃ§Ã£o do Short Code (em fase de configuraÃ§Ã£o com suporte do Arthur) e do Digital Engagement (mapeamento deve iniciar nas prÃ³ximas semanas). Templates de jornadas criados e as estruturas podem iniciar a execuÃ§Ã£o na prÃ³xima semana. Na prÃ³xima semana mapear jornada de boas vindas.,CrÃ­tico,,abr.-25,,CrÃ­tico,Neutro ğŸ˜,0,Rexon MKT
abr.-25,SOP,Sopasta,Emily,Allysson,IndÃºstria,EF,Sales,08/10,720.0,72.0,576,503.0,217.0,Atrasado,18100.0,Neutro,Quitado,,"Cronograma replanejado com MVP1 e MVP2, time comercial atuando na negociaÃ§Ã£o das 400 horas.",CrÃ­tico,,abr.-25,,CrÃ­tico,Neutro ğŸ˜,0,Sopasta
abr.-25,TES,TR EPI,Emily,Allysson,DistribuiÃ§Ã£o,S Sales,Sales,03/06,30.0,10.0,30,52.0,-22.0,SustentaÃ§Ã£o,0.0,Promotor,Recebendo,,SerÃ¡ necessÃ¡rio emissÃ£o de um boleto ao final do trimestre.,,,abr.-25,,Normal,Promotor ğŸ˜€,0,TR EPI
abr.-25,UNIS,Univali | SustentaÃ§Ã£o,Emily,Allysson,ServiÃ§os,S MKT,MKT,07/12,240.0,20.0,140,117.0,123.0,SustentaÃ§Ã£o,0.0,Promotor,Recebendo,,Demandas de Service estÃ£o sendo atendidas pela sustentaÃ§Ã£o.,,,abr.-25,,Normal,Promotor ğŸ˜€,0,Univali
abr.-25,ALUTAL,Alutal,Renata,Matheus F.,IndÃºstria,EF,Sales,04/06,340.0,566666.6667,171,120.0,220.0,No prazo,-11300.0,Neutro,Recebendo,,,,,abr.-25,,Normal,Neutro ğŸ˜,0,Alutal
abr.-25,ICROP,Icrop,Renata,Matheus F.,Tech,EF,Sales,05/06,625.0,105.0,525,514.0,111.0,No prazo,-6600.0,Detrator,Recebendo,,,,,abr.-25,,Normal,Detrator ğŸ˜¡,0,Icrop
abr.-25,COMLTI,Comolatti,Renata,Matheus F.,Produtos e ServiÃ§os,EF,Sales,01/06,812.0,102.0,102,52.0,760.0,No prazo,0.0,Neutro,Recebendo,,,,,abr.-25,,Normal,Neutro ğŸ˜,0,Comolatti
abr.-25,DUB,Dubai,Yara,Matheus F.,ServiÃ§os,EH,Sales / Service / Digital / MKT / Partner  / Field,8,1500.0,187.0,1122,853.0,647.0,No prazo,0.0,Promotor,Recebendo,,"Finalizando a parte de Leads, realizando homologaÃ§Ãµes e testes, mas apenas conseguimos fechar apÃ³s Task da Fila de Corretor que estÃ¡ para o dia 20/05. Temos algumas pendencias ainda de retorno do cliente para finalizar atividades (carga hypnobox).",Seguir validando e homologando todas as partes e realizando ajustes - agendas semanais para nÃ£o deixar ajustes ao final da execuÃ§Ã£o,,abr.-25,,Normal,Promotor ğŸ˜€,0,Dubai
abr.-25,HYB,Hybel,Yara,Matheus F.,IndÃºstria,EF,Sales / Digital,6,744.0,124.0,372,136.0,608.0,No prazo,0.0,Promotor,Recebendo,,"Cliente tem licenÃ§a digital, mas nÃ£o foi contratado no escopo do contrato com a Code - Tasks de IntegraÃ§Ã£o atrasaram 1 semana","Assumir, vamos executar sem cobrar adicional.",,abr.-25,,Normal,Promotor ğŸ˜€,0,Hybel
abr.-25,FIAS,Fiasul,Yara,Matheus F.,IndÃºstria,EF,Sales e Partner,6,712.0,118.0,354,138.0,574.0,No prazo,0.0,Promotor,Recebendo,,Cliente homologando Leads e Contas - Tasks de IntegraÃ§Ã£o atrasaram 1 semana,,,abr.-25,,Normal,Promotor ğŸ˜€,0,Fiasul
abr.-25,DUXX,DUX | SustentaÃ§Ã£o,Bianca,Matheus F.,IndÃºstria,S Sales,Sales,,1440.0,0.0,,765.0,675.0,SustentaÃ§Ã£o,0.0,Promotor,Recebendo,,projeto em andamento,,,abr.-25,,Normal,Promotor ğŸ˜€,0,DUX
abr.-25,DNS,Dana CosmÃ©ticos | SustentaÃ§Ã£o,Bruna,Matheus F.,IndÃºstria,S Sales,Sales e Partner,2/12,300.0,25.0,275,0.0,300.0,SustentaÃ§Ã£o,0.0,Promotor,Recebendo,,Entender sobre apontamentos retroativos ,,,abr.-25,,Normal,Promotor ğŸ˜€,0,Dana CosmÃ©ticos
abr.-25,TRUS,Grupo Trust | SustentaÃ§Ã£o,Bruna,Matheus F.,ServiÃ§os,S Sales,Sales,10/12,120.0,10.0,30,189.0,-69.0,SustentaÃ§Ã£o,0.0,Promotor,Recebendo,,Projeto em andamento (ok) | Ãºltimo trimestre de contrato ,,,abr.-25,,Normal,Promotor ğŸ˜€,0,Grupo Trust
abr.-25,INS,Incentiv.me | SustentaÃ§Ã£o,Bruna,Matheus F.,ServiÃ§os,S Sales,Sales,2/12,240.0,20.0,220,26.0,214.0,SustentaÃ§Ã£o,0.0,Promotor,Recebendo,,Projeto em andamento (ok),,,abr.-25,,Normal,Promotor ğŸ˜€,0,Incentiv.me
abr.-25,PLACS,Plack | SustentaÃ§Ã£o,Bruna,Matheus F.,DistribuiÃ§Ã£o ,S Sales,Sales e MKT,4/12,432.0,36.0,324,100.0,332.0,SustentaÃ§Ã£o,0.0,Promotor,Recebendo,,Projeto em andamento (ok),,,abr.-25,,Normal,Promotor ğŸ˜€,0,Plack
abr.-25,POLS,Politec | SustentaÃ§Ã£o,Bruna,Matheus F.,DistribuiÃ§Ã£o ,S Sales,Sales,3/12,120.0,10.0,100,46.0,74.0,SustentaÃ§Ã£o,0.0,Promotor,Recebendo,,Projeto em andamento (ok),,,abr.-25,,Normal,Promotor ğŸ˜€,0,Politec
abr.-25,ACGSUS,ACG | SustentaÃ§Ã£o + Digital Engagement,Renata,Matheus F.,Tech,S MKT,MKT,02/02,120.0,60.0,60,90.0,30.0,SustentaÃ§Ã£o,0.0,Neutro,Recebendo,,(80h Digital Engagement + 40h SustentaÃ§Ã£o) - SustentaÃ§Ã£o teremos 5h abatidas da Landing Page desenvolvida em dezembro + 1h30 de treinamento de data extensions (07/03). Iniciamos o mapeamento do Digital Engagement (8h) e das 40h de SustentaÃ§Ã£o jÃ¡ foram gastas 26h30m,,,abr.-25,,Normal,Neutro ğŸ˜,0,ACG
abr.-25,TIM,Timber,Renata,Matheus F.,Produtos e ServiÃ§os,S Sales,Sales,06/12,384.0,32.0,192,119.0,265.0,SustentaÃ§Ã£o,0.0,Neutro,Recebendo,,,,,abr.-25,,Normal,Neutro ğŸ˜,0,Timber
abr.-25,ROD,RodoparanÃ¡,Renata,Matheus F.,Produtos e ServiÃ§os,S Sales,Sales,13/12,384.0,32.0,384,461.0,-77.0,SustentaÃ§Ã£o,0.0,Neutro,Quitado,,,,,abr.-25,,Normal,Neutro ğŸ˜,0,RodoparanÃ¡
abr.-25,HS,Hyperlocal | SustentaÃ§Ã£o,Yara,Matheus F.,Tech,S Sales,Sales / Service / Digital / MKT / Partner,12,276.0,23.0,253,145.0,131.0,SustentaÃ§Ã£o,0.0,Detrator,Recebendo,33 horas reduzidas,NÃ£o estÃ£o abrindo novos SOS - faltam homologar o que fizemos,"Cliente nÃ£o deve seguir com Code, entÃ£o estamos apenas executando o que jÃ¡ existe",,abr.-25,,Normal,Detrator ğŸ˜¡,0,Hyperlocal
abr.-25,GCS,General Corporate | SustentaÃ§Ã£o,Thaynara,Allysson,DistribuiÃ§Ã£o,S Sales,Sales,12,360.0,40.0,120,65.075,80.0,SustentaÃ§Ã£o,0.0,Promotor,Recebendo,29075,"> Maps: Enviar vÃ­deo pro Igor - Marcar reuniÃ£o com o Igor para aprsentaÃ§Ã£o do MAPS
> MÃ³dulo de Boletos: Em mapeamento
> GC APP: Em aprovaÃ§Ã£o nas lojas (V2)
> IntegraÃ§Ã£o: RevisÃ£o da IntegraÃ§Ã£o de Estoque
> Compras: ",,,abr.-25,,Normal,Promotor ğŸ˜€,0,General Corporate
abr.-25,TINS,Tintasul | SustentaÃ§Ã£o,Thaynara,Allysson,DistribuiÃ§Ã£o,S Sales,Sales,12,240.0,20.0,240,0.0,0.0,SustentaÃ§Ã£o,0.0,Neutro,Quitado,,"> Encerrar o projeto e horas
> HÃ¡ chamados que o cliente precisa retornar; 
> Entender sobre renovaÃ§Ã£o do contrato",,,abr.-25,,Normal,Neutro ğŸ˜,0,Tintasul
abr.-25,LCS,Lola Cosmetics | SustentaÃ§Ã£o,Thaynara,Allysson,IndÃºstria,S Sales,Sales,12,120.0,10.0,30,37.0,83.0,SustentaÃ§Ã£o,0.0,Neutro,Recebendo,,> Marcar reuniÃ£o para retomada com o Rafael (com Mari e Allysson) para feedback do cliente,,,abr.-25,,Normal,Neutro ğŸ˜,0,Lola Cosmetics
abr.-25,ADNSS,Ademir Novo | SustentaÃ§Ã£o,Thaynara,Allysson,ServiÃ§os,S Sales,Sales,12,120.0,10.0,90,110.0,10.0,SustentaÃ§Ã£o,0.0,Promotor,Recebendo,,"> Allysson estÃ¡ em conversa com o cliente
> Apresentar Thaynara como Gestora do Projeto
> Envolver Vini para Handover do Projeto (Allysson > Vini)",-,,abr.-25,,Normal,Promotor ğŸ˜€,0,Ademir Novo
abr.-25,WOLS,Wolpac | SustentaÃ§Ã£o,Thaynara,Allysson,ServiÃ§os,S Sales,Sales,12,240.0,20.0,160,133.0,107.0,SustentaÃ§Ã£o,0.0,Neutro,Recebendo,-,"> Atividades relacionadas a integraÃ§Ã£o
> Sem grandes evoluÃ§Ãµes de novas demandas",Dez-fev: 22h sem uso no trimestre,,abr.-25,,Normal,Neutro ğŸ˜,0,Wolpac
abr.-25,HUMS,Hum Energia| SustentaÃ§Ã£o,Thaynara,Allysson,ServiÃ§os,S Sales,Sales,6,120.0,20.0,120,108.0,12.0,SustentaÃ§Ã£o,0.0,Neutro,Quitado,-,"> Projeto teve mudanÃ§a de equipe entre marÃ§o/abril; de gestÃ£o de projetos 2x
> Absorvido 25h do Ãºltimo trimestre
> Cliente alega que houve divergÃªncias entre o que foi conversado com Matheus V. e o que foi apresentado pelo Vinicius S. como prÃ³ximos passos do projeto (Aline disse que o cliente nÃ£o teve tantas conversas com o Matheus desde janeiro, devido priorizaÃ§Ã£o da EG e Pharma)
> Cliente quer novos requisitos (campanhas/ disparo de e-mail)
> Cadu insatisfeito e nÃ£o estÃ¡ usando o SF neste momento - estÃ¡ usando excel ; > Atendimento de 11h pode resolver a questÃ£o com o cliente
> Contrato encerrado (6M); Saldo de horas: ~12h","> Acordado com o cliente que serÃ¡ desenvolvido os objetos necessÃ¡rios para os painÃ©is que eles necessitam
> Envolvimento do Allysson nas prxs agendas
> Fazer entrega do que foi prometido na Ãºltima gestÃ£o do projeto",,abr.-25,,Normal,Neutro ğŸ˜,0,Hum Energia
abr.-25,FUJS,Fujitsu | SustentaÃ§Ã£o,Thaynara,Allysson,IndÃºstria,S Sales,Sales,12,120.0,10.0,40,16.0,104.0,SustentaÃ§Ã£o,0.0,Neutro,,-,> Marcar reuniÃ£o para retomada com o Rafael (com Mari e Allysson) para feedback do cliente,,,abr.-25,,Normal,Neutro ğŸ˜,0,Fujitsu
abr.-25,DOGS,IBC | SustentaÃ§Ã£o,Thaynara,Allysson,ServiÃ§os,S Service,Service,12,120.0,10.0,30,2.075,9.925,SustentaÃ§Ã£o,0.0,Neutro,Recebendo,-,"> Cliente solicitou diversos chamados de melhorias para o Site e Salesforce
> CobranÃ§a adicional serÃ¡ sinalizada para aprovaÃ§Ã£o
> Novo Projeto: IBC Internacional (em estimativa)",Saldo de 9h no primeiro trimestre; podemos absorver? HaverÃ¡ demandas para aprovaÃ§Ã£o que serÃ¡ maior que o consumo do trimestre,,abr.-25,,Normal,Neutro ğŸ˜,0,IBC
abr.-25,TINV,Tintasul | Vendas,Thaynara,Allysson,DistribuiÃ§Ã£o,EF,Sales,,0.0,0.0,,0.0,0.0,Atrasado,0.0,Neutro,Quitado,,> Mari fazer handover com Aline para entendimento do status atual do projeto e definir quais atividades sÃ£o necessÃ¡rias para encerramento do projto,,,abr.-25,,Normal,Neutro ğŸ˜,0,Tintasul
abr.-25,FAN,FantÃ¡stico Alimentos,Paola,Allysson,IndÃºstria,EH,Sales,4/8,789.0,0.9862,39448,19.367,59.533,No prazo,0.0,Neutro,Recebendo,,"> Projeto crÃ­tico. Cronograma em planejamento: Entrega do projeto apenas a partir de novembro/2025, sendo a expectativa do cliente em setembro/2025. Alta probabilidade de exceder as horas. NecessÃ¡rio agendar ReuniÃ£o Diretiva.
> ApresentaÃ§Ã£o de Leads, Contas e Contatos agendada para 12/05, para gerentes e o CEO. Precisamos de apoio ao Alex",,,abr.-25,,Normal,Neutro ğŸ˜,0,FantÃ¡stico Alimentos
abr.-25,EG,Ever Green,Paola,Allysson,IndÃºstria,EH,Sales,17/12,1000.0,833333.3333,1000,121.058,-21058.0,Atrasado,12800.0,Neutro,Quitado,,"> Fase 1: PendÃªncias sinalizadas pelo cliente, alteraÃ§Ãµes e erros durante os testes em execuÃ§Ã£o.  
> Realizaremos um treinamento na prÃ³xima semana, com a conduÃ§Ã£o do OsÃ©ias, sobre cadastro de tabela de preÃ§os, tabela de contratos e configuraÃ§Ã£o de usuÃ¡rios
> Vamos precisar de apoio durante as fÃ©rias do Edu, principalmente em caso de novas solicitaÃ§Ãµes e para o Go Live",,,abr.-25,,Normal,Neutro ğŸ˜,0,Ever Green
abr.-25,BRW,BRW Suprimentos,Paola,Allysson,IndÃºstria,EF,Sales,1/10,1000.0,100.0,100,0.0,1000.0,No prazo,0.0,Promotor,Recebendo,,"> Kickoff do Projeto em 05/05. Primeira agenda em 08/05.
> Pendenten agendamento de reuniÃ£o com a Nexx para tratar do escopo das integraÃ§Ãµes. Precisaremos de apoio para que seja realizada o quanto antes.
> Na prÃ³xima semana o OsÃ©ias conduzirÃ¡ sozinho o mapeamento, em razÃ£o das fÃ©rias do Edu
> SerÃ¡ necessÃ¡rio replanejar o cronograma apresentado para entrega do projeto em atÃ© 6 meses",,,abr.-25,,Normal,Promotor ğŸ˜€,0,BRW Suprimentos
abr.-25,MS,Agibem,Paola,Allysson,ServiÃ§os,EH,Sales,1/4,345.0,0.8625,345,0.0,345.0,No prazo,0.0,Promotor,Pendente,,"> Projeto MS7 que agora Ã© Agibem saiu do freezing em 06/05
> Precisaremos retomar o projeto, com o Alex a frente na conduÃ§Ã£o com o cliente, e pensamos no apoio do Allysson",,,abr.-25,,Normal,Promotor ğŸ˜€,0,Agibem
abr.-25,RAM,Ramtech | MigraÃ§Ã£o,Paola,Allysson,DistribuiÃ§Ã£o,EH,Sales,1,120.0,120.0,0,9.517,2.483,Atrasado,8400.0,Promotor,Recebendo,,> Aguardando a CLI finalizar os trabalhos. Alto risco de tÃ©rmino durante as fÃ©rias do Edu e precisaremos dar continuidade no processo de migraÃ§Ã£o como prioridade 0. Expectativa do cliente era concluir em fev/2025. ,,,abr.-25,,Normal,Promotor ğŸ˜€,0,Ramtech
abr.-25,FAR,Farmabase,Paola,Allysson,ServiÃ§os,EH,Sales,5/6,840.0,120.0,600,55.233,28.767,No prazo,0.0,Neutro,Recebendo,120,"> Change: Oportunidades por diferentes unidades de negÃ³cio (MÃ©xico e Argentina) - 120 horas
> Cronograma replanejado e apresentado ao cliente. MVP1: 26/05 e MVP2: 18/08
> Estamos absorvendo as horas utilizadas nos ajustes do Componente da Oportunidade, considerando que jÃ¡ consumimos cerca de 65% das horas previstas para o projeto, com alta probabilidade de ultrapassarmos esse total. AlÃ©m disso, foram orÃ§adas 120h para o desenvolvimento do componente na proposta, enquanto a estimativa do time de desenvolvimento era de 150h (que jÃ¡ foi ultrapassado).
> Planejamento nas fÃ©rias do Edu: cancelamento das agendas e Leo executar as tasks detalhadas",,,abr.-25,,Normal,Neutro ğŸ˜,0,Farmabase
abr.-25,AUTOM,Automa,Paola,Allysson,Tech,DA,Sales,-,216.0,0.0,216,27.458,-5858.0,No prazo,0.0,Promotor,Quitado,,"> OperaÃ§Ãµes Europa - OrÃ§ado 60h Realizado 76,08h
   > Melhorias OperaÃ§Ãµes Europa aguardando aprovaÃ§Ã£o (10 horas)
> ImportaÃ§Ã£o de MediÃ§Ãµes - OrÃ§ado 112h e Realizado 122,52h
   > Melhorias ImportaÃ§Ã£o de MediÃ§Ãµes: OrÃ§ado 44h e Realizado 9,75 (Em andamento)
> Administrativo - Realizado 62,25",,,abr.-25,,Normal,Promotor ğŸ˜€,0,Automa
abr.-25,SECP,Sec Power,Paola,Allysson,IndÃºstria,EH,Sales,2/24,1000.0,42.0,84,545.0,9.455,No prazo,0.0,Promotor,Recebendo,,"> Novos stakeholders: Thafarel (Diretor de OperaÃ§Ãµes/ GP do Projeto), FÃ¡bio (Gestor) e Diego GonÃ§alves (Diretor Comercial). SaÃ­da da Lorena, Fernando e Isa",,,abr.-25,,Normal,Promotor ğŸ˜€,0,Sec Power
abr.-25,CC,Cless,Paola,Allysson,IndÃºstria,EH,Sales,1/12,1920.0,160.0,1920,75.0,19.125,No prazo,0.0,Promotor,Recebendo,,"> RenovaÃ§Ã£o do contrato em abril/2025
> Novo stakeholder/ GP: Alessandra",,,abr.-25,,Normal,Promotor ğŸ˜€,0,Cless
abr.-25,AUTS,Aut-Comp,Paola,Allysson,IndÃºstria,S Sales,Sales,6/6,60.0,10.0,30,205.0,95.0,SustentaÃ§Ã£o,0.0,Promotor,Quitado,,> Contrato encerrado em abril/2025. Aguardando renovaÃ§Ã£o. Grazi e Fazio em contato com cliente,,,abr.-25,,Normal,Promotor ğŸ˜€,0,Aut-Comp
abr.-25,BSS,Bela Sementes,Paola,Allysson,Agro,S Sales,Sales,10/12,720.0,60.0,19233,635.0,18.598,SustentaÃ§Ã£o,0.0,Promotor,Recebendo,,,,,abr.-25,,Normal,Promotor ğŸ˜€,0,Bela Sementes
abr.-25,JRDS,JR Dias,Paola,Allysson,DistribuiÃ§Ã£o,S Sales,S Sales,10/12,240.0,20.0,60,5.0,595.0,SustentaÃ§Ã£o,0.0,Promotor,Recebendo,,,,,abr.-25,,Normal,Promotor ğŸ˜€,0,JR Dias
abr.-25,JRDS,JR Dias,Paola,Allysson,DistribuiÃ§Ã£o,EH,S Sales,-,200.0,0.0,200,3.508,16.492,No prazo,0.0,Promotor,Recebendo,,> Plano de expansÃ£o contratado em 27/03: 200 horas,,,abr.-25,,Normal,Promotor ğŸ˜€,0,JR Dias
abr.-25,MAC,Macrotec,Paola,Allysson,DistribuiÃ§Ã£o,S Sales,Sales,11/12,360.0,30.0,90,2.825,6.175,SustentaÃ§Ã£o,0.0,Promotor,Recebendo,,,,,abr.-25,,Normal,Promotor ğŸ˜€,0,Macrotec
abr.-25,RAM,Ramtech,Paola,Allysson,DistribuiÃ§Ã£o,S Sales,Sales,4/12,120.0,15.0,45,0.0,45.0,SustentaÃ§Ã£o,0.0,Promotor,Recebendo,,"> Baixo volume de demandas, pois aguarda conclusÃ£o do projeto de MigraÃ§Ã£o",,,abr.-25,,Normal,Promotor ğŸ˜€,0,Ramtech
abr.-25,DSP,Desenvolve SP,Francieli,Dekker,PÃºblico,EH,"Sales, Mkt e Service",03/07,2400.0,342857.1429,8571428571,55.257,184.743,No prazo,0.0,Promotor,Recebendo,,,,,abr.-25,,Normal,Promotor ğŸ˜€,0,Desenvolve SP
abr.-25,GCM,GC | MÃ³dulo de Compras,Mariana,Dekker,DistribuiÃ§Ã£o,EF,Sales,,0.0,0.0,,0.0,0.0,Atrasado,0.0,Promotor,Quitado,,,,,abr.-25,,Normal,Promotor ğŸ˜€,0,GC
abr.-25,GCAL,GC | Aplicativo,Mariana,Alex,DistribuiÃ§Ã£o,EF,Aplicativo e Sales,,0.0,0.0,,0.0,0.0,Atrasado,0.0,Promotor,Quitado,,,,,abr.-25,,Normal,Promotor ğŸ˜€,0,GC
mai.-25,RAM,Ramtech,Paola,Allysson,DistribuiÃ§Ã£o,S Sales,Sales,4/12,120.0,15.0,45,0.0,45.0,SustentaÃ§Ã£o,0.0,Promotor,Recebendo,,"> Baixo volume de demandas, pois aguarda conclusÃ£o do projeto de MigraÃ§Ã£o",,,mai.-25,,Normal,Promotor ğŸ˜€,0,Ramtech
